name,student_id,password_hash
George Acquah,11111,george
Elizabeth King,52864,!9$qRjd8Zz
Danny Perry,42552,#3_YYfh3*@
Paul Benson,19991,yA)i54Ve)J
Adam Joseph,29359,B9FmPda4(J
Jason Hall,66496,TiXe6epa_3
Jeanne Jones,52138,e80TPXNg@x
Heather Torres,32675,*$04Cb_lCX
John Thomas,77413,$X7SJvX48S
Howard Johnson,89859,sMv4MqeQ!9
Michael Anderson,50059,J))Q97NqYh
Kevin Matthews,87498,_PWQyCo9E9
Rachel Ramos,83557,)q2UNDtq2Z
Nancy Hayes,75205,^xb8gSrOv3
Joshua Robinson,12602,1QMAOZbb%T
Jeremy Mays,66034,Ana+91Xdi#
James Gutierrez,33810,+54L2btsrh
Crystal Chen,69196,n+T28kFd1F
Aaron Shelton,28975,#5B#z&)e37
Kevin Holland,73954,%7LqvgO_r(
Kevin Miller,39317,KL#W5P3eoB
Justin Mendoza,27245,n!v3SNTf7S
Kelly Snow,97105,^RrhWLujf4
David Hill,13173,(yNRQztvg6
Roberta Thompson,66655,9%53+)OL*a
Kenneth Pena,60220,#NAME?
Johnny Gutierrez,43837,!BU96PXyzU
Michelle Melendez,23226,og1YJJlg@R
Paul Lowe,95489,%0zr0YgpTn
Beth Cruz,97160,jx8!K1uR%s
Lisa Orr,98293,OZXxZukK!8
Bryan May,43710,!AfqVtsV@3
Fernando Cox,49392,nc$2Vs9@Tg
Lonnie Morales,86257,4bQzo&9(&H
Michelle Turner,52199,j(JUC(zj!3
Lisa Castillo,96868,$1C3JExAOn
Leslie Osborne,14570,4vv7L76!R^
Jonathan Kramer,68888,y4PjQ_yP*%
George Oliver,67336,%wGOVDGy^1
James Dunn,85653,8FW@Hx2D#v
Amanda Jimenez,32819,#rN7AgHcC%
Gary Jones,51123,)s7HxSiRBc
Lisa Moore,93028,CO^8C2ga%^
Amy Melton,99717,%95lFKsbY1
David Harris,11485,c+E5TP*9#h
Robert Marquez,51710,X*+1M(tzJq
Jeffery Watts,12128,+7xPh%7WHi
Tara Cline,31784,ybQo%0Zty$
Joy Fischer,69680,s91Yhz9o+(
Cindy Smith,58799,Dc64T6tbt#
Erin Mason,83423,PYgHGmFv!7
Jorge King,38625,&n9Z2oLLO!
Trevor Morales,58969,dco2S(Dkx(
Zachary Young,73230,ug09ZIYoX&
Christine Simpson,42433,!y)56J0kLL
Kathryn Henry,64448,Y7OzBq5I*$
Andre Cook,69661,4BZ*8Glm%$
Heather Vaughn,80078,rf)Jz6ZjC)
David Wilson MD,57996,)%9go8Kz(I
Kathy Bennett,45609,#pOD3R31D9
Joseph Nguyen MD,33018,&51B0AgokO
Jeffrey Edwards,36099,af8XFiy&&x
Lee Clark,24086,*1LH0tiz@3
Valerie Burns,21181,XQbL!4FjxL
Kevin Hayes,83372,Cv5p7I07s+
Amy Spencer,14730,&&SQDRnpN9
Deanna Barry,30673,m3M4kzKp%W
Robin Trevino,96475,!A5^xM9pzV
Scott Meyer,90186,IaZE1w@t%2
Justin Henry,88939,MX7C@1v%y%
Caleb Kim,25206,P5QFUplu+9
Joshua Mcfarland,65002,1(7%Vxkpw!
Kevin Rodriguez,99234,FcA1P_GCG+
Suzanne Garcia,19042,k11V*zut)+
Tammy Cruz,47146,^P4JCo5uV%
Brianna Crawford,53806,#_C9XiPZvV
Jacqueline Dean,50921,_3_@ORe8ML
Sara Summers,55353,$0Y$2dKc04
Olivia Davis,41257,*00nX(Pe1H
Carol Wolfe,62328,gL4aGX%e(N
Aaron Miller,68465,#3QkZpo&he
James Li,49500,@9dhCRnqRG
Tracy Beltran,88830,ZJQ6FXUvM_
Mrs. Melanie Fischer,84973,#NAME?
Stephanie Conner,97592,^F+5cpMkw0
Brandi Larson,42451,*5hjj5stFY
Kayla Ramos,35425,Fr_r9EahB#
Stephanie Sullivan,98840,0%U@V60q*N
Jeremy Ortiz,27473,9LDP_yBa@M
Brad Murphy,93011,#2WuU+xs#a
Kimberly Jennings,56058,s757Y8Sm^N
Dr. Timothy Martin,42997,1!GV4LGs0+
Rachel Richardson,62907,n&8RbF6dht
Jill Fields,16416,06S2k!Wr+7
Natalie Young,29311,Mg^2SnpfKL
Melissa Mills,25861,!AE3Dklp2D
Monica Jones,48898,+VE8Xaz%7y
Roy Barrett,96220,X9VwEAyh*_
Matthew Whitaker,32173,%3kNiFAetL
Clinton Hernandez,99590,*u%1^M3c+l
